,restraint_number,proton_a,proton_b,distance_ab,upper_lower_bound_ab,index_a,index_b,top_distance,computed_distance,distance_split_0,distance_split_1,distance_split_2,distance_split_3,distance_split_4,ring_classification
0,1,Ala1 HN,Ala1 HB*,2.8,0.4,[38],"[40, 41, 42]",4.0,3.0914583301428222,3.0936696725129025,3.0889507707201806,3.0917391471167512,3.091784551708341,3.09116047877903,mixed
1,2,Ala1 HA,Ala1 HB*,2.1,0.3,[39],"[40, 41, 42]",3.0,2.5626254413186675,2.563568729752223,2.5616968302341654,2.5621330479655544,2.5637848754939405,2.5619489067688335,mixed
2,3,Nleu2 HAa,Nleu2 HAb,1.7,0.3,[43],[44],2.0,1.7182242864838693,1.7182401388789028,1.7188634985893658,1.717714856920269,1.71830748334941,1.717996935142759,macrocycle
3,4,Nleu2 HAa,Nleu2 HBa,3.6,0.5,[43],[59],4.0,4.019820441272613,3.976965287678438,4.09485794041922,4.005456712856085,3.9698851213740345,4.062198275503394,mixed
4,5,Nleu2 HAa,Nleu2 HBb,4.7,0.7,[43],[60],4.0,3.5558138910844383,3.5587599524757523,3.5478660517107716,3.559439046336907,3.5610438651981804,3.5520850557574146,mixed
5,6,Nleu2 HAa,Nleu2 HD*,3.6,0.5,[43],"[64, 62, 63, 65, 66, 67]",6.0,3.7943380040682007,3.7985203801123224,3.7755242585488036,3.8037396223831483,3.8126026343398784,3.782172579848627,mixed
6,7,Nleu2 HAa,Nleu2 HDa*,3.6,0.5,[43],"[65, 66, 67]",6.0,3.4957076914430574,3.496682736052683,3.476090920101453,3.5071574322247026,3.506495475110735,3.49275838949965,mixed
7,8,Nleu2 HAb,Nleu2 HBb,2.6,0.4,[44],[60],4.0,2.340575629922668,2.3485806589819314,2.325710974047416,2.3460447229536285,2.349361088748126,2.333838861800164,mixed
8,9,Nleu2 HAb,Nleu2 HG,2.4,0.4,[44],[61],5.0,2.964194475903236,2.965706929414061,2.9559018191240547,2.9535822310782978,2.9897366473545173,2.9570766872935312,mixed
9,10,Nleu2 HAb,Nleu2 HDa*,2.8,0.4,[44],"[65, 66, 67]",6.0,2.8070433752020545,2.812548073607987,2.790332573427828,2.810712024258825,2.811620895952527,2.810451859748751,mixed
10,11,Nleu2 HAb,Nleu2 HDb*,3.4,0.5,[44],"[64, 62, 63]",6.0,3.6131184495113593,3.6169293565483485,3.612107302484739,3.6091016688857307,3.6518575352174905,3.578249023474126,mixed
11,12,Nleu2 HBa,Nleu2 HBb,1.8,0.3,[59],[60],2.0,1.70127773044074,1.7015303598148495,1.702749197314688,1.6995154187328287,1.7016809073808896,1.7009243427283296,extracyclic
12,13,Nleu2 HBa,Nleu2 HDa*,2.8,0.4,[59],"[65, 66, 67]",4.0,3.416824101213898,3.4008802468709405,3.448665370245107,3.4072187877675293,3.415489904838931,3.413253279208668,extracyclic
13,14,Nleu2 HBa,Nleu2 HDb*,2.5,0.4,[59],"[64, 62, 63]",4.0,2.8448266498429615,2.847335135938179,2.8404757978741193,2.846545409248557,2.8372515947694934,2.8527069899761677,extracyclic
14,15,Nleu2 HBb,Nleu2 HDa*,2.5,0.4,[60],"[65, 66, 67]",4.0,2.9272919760275364,2.9256505586835613,2.927342032920039,2.9271859452217575,2.921239725552462,2.9351624344284404,extracyclic
15,16,Nleu2 HBb,Nleu2 HDb*,3.0,0.5,[60],"[64, 62, 63]",4.0,3.088283406164394,3.0929252828168123,3.0743915022701014,3.0945292532943602,3.0981442647543855,3.0818724931250143,extracyclic
16,17,Nleu2 HG,Nleu2 HD*,1.9,0.3,[61],"[64, 62, 63, 65, 66, 67]",3.0,2.556124034718958,2.5562296941596525,2.5560013366582046,2.55580954205699,2.5560371948545226,2.556542827611736,extracyclic
17,18,Phe3 HN,Phe3 HA,3.0,0.5,[45],[46],3.0,2.9621231246343287,2.963060607854123,2.9620366513719336,2.961720426862822,2.962000406239078,2.96179891098535,macrocycle
18,19,Phe3 HN,Phe3 HB*,2.6,0.4,[45],"[47, 48]",4.0,3.0159314136439668,3.0063246669016284,3.020868028058411,3.0119956924115625,3.026489277966685,3.014265007950331,mixed
19,20,Phe3 HA,Phe3 HD*,2.8,0.4,[46],"[49, 52]",5.0,3.979352744836191,3.9315672510159083,4.006441603563116,3.975440821927234,4.015782759856718,3.971447750015202,mixed
20,21,Phe3 HB*,Phe3 HD*,2.2,0.3,"[47, 48]","[49, 52]",4.0,2.731372614134953,2.731725869691589,2.731281990777572,2.7312045085975836,2.731700662042425,2.7309506123081455,extracyclic
21,22,Tether4 HN,Tether4 HA,3.1,0.5,[54],[55],3.0,2.9956845953553968,2.9952751076846287,2.9961134351423784,2.9950539281012616,2.995049826230077,2.9969338477050256,macrocycle
22,23,Tether4 HN,Tether4 HBa,4.2,0.6,[54],[32],4.0,3.726878190744097,3.728700882783746,3.726554172308765,3.7249073414695015,3.725780010624554,3.7284588913209493,macrocycle
23,24,Tether4 HN,Tether4 HBb,2.8,0.4,[54],[33],4.0,2.542089612672145,2.5459409853391817,2.5397498948330446,2.5418899758147906,2.5390253451420977,2.5438872233241927,macrocycle
24,25,Tether4 HN,Tether4 HGa,4.2,0.6,[54],[35],5.0,2.6776908277236533,2.6763977166437094,2.6779844409295106,2.6788154463089824,2.673922729726188,2.6813740536255,macrocycle
25,26,Tether4 HN,Tether4 HE*,2.6,0.4,[54],"[56, 57, 58]",4.0,3.146001805108231,3.144187991581428,3.1450346595389007,3.148927290637968,3.1497249928831454,3.142179972201137,mixed
26,27,Tether4 HA,Tether4 HBa,2.7,0.4,[55],[32],3.0,2.497844513781873,2.497060601134094,2.4957357492980545,2.4999161294571786,2.4985251695541812,2.497998708470904,macrocycle
27,28,Tether4 HA,Tether4 HGa,3.6,0.5,[55],[35],4.0,2.9225392967759274,2.922456760520631,2.924695516760857,2.9185368675893537,2.928506687256334,2.9185866645505905,macrocycle
28,29,Tether4 HA,Tether4 HDa,2.3,0.3,[55],[36],5.0,4.721895204753742,4.719167713707305,4.74289688288221,4.676824927401171,4.753749771120766,4.719453418739943,macrocycle
29,30,Tether4 HBa,Tether4 HDa,3.2,0.5,[32],[36],4.0,3.7950780246546154,3.7967857244021115,3.7993570287418676,3.785495653228762,3.797432490412838,3.796430794353525,macrocycle
30,31,Tether4 HBa,Tether4 HE*,2.4,0.4,[32],"[56, 57, 58]",4.0,2.872612097192296,2.873722975739465,2.8741601905625966,2.872494357900311,2.871797160102494,2.870894645766295,mixed
31,32,Tether4 HGa,Tether4 HGb,1.8,0.3,[35],[34],2.0,1.721154210327733,1.7208018249216293,1.720885718065654,1.7210729506235725,1.7216812293236163,1.7213303688718304,macrocycle
32,33,Tether4 HDa,Tether4 HDb,1.7,0.3,[36],[37],2.0,1.7322016713783228,1.7312072535222536,1.7321045921909761,1.7321027203050468,1.7329393834639553,1.7326579661264736,macrocycle
33,34,Ala1 HN,Nleu2 HBa,4.0,0.6,[38],[59],6.0,3.373985821892849,3.3884393652302562,3.359786800227729,3.3721288347794713,3.3863857050713713,3.3638824450547538,mixed
34,35,Ala1 HN,Tether4 HA,3.9,0.6,[38],[55],7.0,4.768102791253103,4.771933066111126,4.764445911241555,4.7678227301638705,4.775425493730004,4.7609839438505634,macrocycle
35,36,Ala1 HN,Tether4 HGa,3.6,0.5,[38],[35],5.0,2.0533841936551953,2.0584115748715934,2.0489384386083076,2.0532910950769563,2.0526827917793486,2.0536747512437388,macrocycle
36,37,Ala1 HN,Tether4 HGb,3.0,0.5,[38],[34],5.0,3.5587371549160434,3.5625494255750407,3.5613348752085408,3.5448460665456034,3.568475094761653,3.556789282540065,macrocycle
37,38,Ala1 HN,Tether4 HDa,2.3,0.3,[38],[36],4.0,2.688833226674616,2.6847648433001203,2.693257272971528,2.688081880856198,2.690453360458933,2.6876617085930383,macrocycle
38,39,Ala1 HA,Nleu2 HBa,2.0,0.3,[39],[59],5.0,2.302154379286176,2.3100562831706437,2.287342221600885,2.307180592699452,2.315129684482609,2.2919471777880056,mixed
39,40,Ala1 HA,Nleu2 HBb,3.2,0.5,[39],[60],5.0,3.2084882850365264,3.1168790890486027,3.4228067231878208,3.169847739871555,3.10295734865013,3.30696185804418,mixed
40,41,Ala1 HA,Nleu2 HG,2.7,0.4,[39],[61],6.0,2.311174464811284,2.311520135821104,2.3094769551218493,2.312835615412153,2.3034159440209896,2.318811940347739,mixed
41,42,Ala1 HA,Nleu2 HDa*,3.6,0.5,[39],"[65, 66, 67]",7.0,3.5576992243448173,3.5658711205231213,3.5614784977377716,3.5503435367999794,3.5790452711684173,3.5329458674139276,mixed
42,43,Ala1 HA,Nleu2 HDb*,2.6,0.4,[39],"[64, 62, 63]",7.0,3.1645572715456574,3.177710984707773,3.159639148765074,3.1450234005273314,3.1831755119402025,3.1583034284621023,mixed
43,44,Nleu2 HAa,Phe3 HN,2.5,0.4,[43],[45],4.0,2.743717900789649,2.7416928325038787,2.747675657964583,2.7422224279377057,2.7443333668809995,2.7426950410117925,macrocycle
44,45,Nleu2 HAb,Phe3 HN,4.4,0.7,[44],[45],4.0,3.5162133046163593,3.517309442909749,3.515446105205271,3.5169343189929987,3.518595463071255,3.5128007515024824,macrocycle
45,46,Nleu2 HBa,Phe3 HN,4.8,0.7,[59],[45],6.0,3.859987072519986,3.871192185562759,3.84352399472375,3.8642573127722404,3.872385450841694,3.849198971203491,mixed
46,47,Phe3 HN,Tether4 HN,3.8,0.6,[45],[54],5.0,2.178378819260266,2.172882364403887,2.181221631967505,2.181413976075935,2.175453548887399,2.1810241345757926,macrocycle
47,48,Phe3 HA,Tether4 HN,2.2,0.3,[46],[54],4.0,2.9559402166309083,2.9533902875713247,2.9560228567746587,2.9594865356472826,2.957582400069463,2.953253328749259,macrocycle
48,49,Phe3 HD*,Tether4 HN,3.8,0.6,"[49, 52]",[54],7.0,4.24931730483551,4.264057542154082,4.245029556630666,4.2460701754084695,4.234295541794775,4.257578462577918,mixed
49,50,Phe3 HD*,Tether4 HA,4.0,0.6,"[49, 52]",[55],8.0,4.293450639034329,4.317558652600927,4.291144265291745,4.291076800324486,4.261980351556348,4.306939334848429,mixed
50,51,Phe3 HD*,Tether4 HE*,3.9,0.6,"[49, 52]","[56, 57, 58]",9.0,6.565436699370764,6.586006574033501,6.561528084638642,6.563625178575458,6.540179302985961,6.576486352806521,mixed
51,52,Phe3 HE*,Tether4 HN,4.7,0.7,"[50, 53]",[54],8.0,5.6918566368437755,5.713597557811626,5.681654432530379,5.690309583290344,5.672890365543858,5.701464427411313,mixed
52,53,Phe3 HE*,Tether4 HE*,3.8,0.6,"[50, 53]","[56, 57, 58]",10.0,7.926372290447664,7.954604704418832,7.91515842055067,7.925726432657639,7.899084482259594,7.938084146169153,mixed
53,54,Ala1 HN,Phe3 HN,3.5,0.5,[38],[45],8.0,2.8100137763358948,2.818832853583591,2.804229004840866,2.807458446449211,2.813495751034581,2.806231887698031,macrocycle
54,55,Ala1 HB*,Phe3 HN,4.6,0.7,"[40, 41, 42]",[45],8.0,4.541986860434055,4.551483504875849,4.534157246030897,4.540214662412445,4.547909715560921,4.536339758217439,mixed
55,56,Nleu2 HBa,Tether4 HGa,4.2,0.6,[59],[35],9.0,4.119090337957162,4.1339700155177335,4.100172161838879,4.115896371293485,4.133555488971408,4.112572924041337,mixed
56,57,Nleu2 HBa,Tether4 HGb,3.5,0.5,[59],[34],9.0,5.116750791539273,5.137932541602817,5.118929322052446,5.064564143819837,5.153458981310001,5.1120103008112725,mixed
