,restraint_number,proton_a,proton_b,distance_ab,upper_lower_bound_ab,index_a,index_b,top_distance,computed_distance,distance_split_0,distance_split_1,distance_split_2,distance_split_3,distance_split_4
0,1,Ala1 HN,Ala1 HA,2.8,0.4,[38],[39],3.0,2.9596765177497386,2.965956388945699,2.9683926364870814,2.960455473281789,2.9388265618510516,2.965450881169164
1,2,Ala1 HN,Ala1 HB*,2.2,0.3,[38],"[40, 41, 42]",4.0,2.7825739468704054,2.7922406021849593,2.7831880728746112,2.7764922558131397,2.7807535920738102,2.780369239879252
2,3,Nleu2 HAa,Nleu2 HBa,3.9,0.6,[43],[60],4.0,3.6035422280379836,3.6512481553776093,3.5842479643209106,3.609870035641115,3.594687698336381,3.580785707068961
3,4,Nleu2 HAa,Nleu2 HG,4.4,0.7,[43],[61],5.0,3.9316397121737996,3.9580192327833292,3.8775432756700234,3.9360536243123874,3.927318475364021,3.963494403679478
4,5,Nleu2 HAa,Nleu2 HDa*,3.7,0.6,[43],"[65, 66, 67]",6.0,3.67464447570815,3.732865317415569,3.665137438184525,3.6577757046779857,3.686546582996773,3.6359557224134234
5,6,Nleu2 HAb,Nleu2 HG,2.4,0.4,[44],[61],5.0,2.939466694125605,2.860009900667959,2.921541415950813,2.97156631332742,2.9620915906571894,2.99601688353281
6,7,Nleu2 HAb,Nleu2 HDa*,2.8,0.4,[44],"[65, 66, 67]",6.0,3.030578862091111,3.078873467089838,3.035226177411749,3.02173817918686,3.0304616999108065,2.9911530740021384
7,8,Nleu2 HAb,Nleu2 HDb*,3.2,0.5,[44],"[64, 62, 63]",6.0,4.102032484538165,4.074663823556603,4.039272322675563,4.0842206990731835,4.138507907275103,4.18454475331807
8,9,Nleu2 HBa,Nleu2 HDa*,2.8,0.4,[60],"[65, 66, 67]",4.0,2.8433133502186285,2.847112763426768,2.8392848102425132,2.841333712158862,2.8430088488372363,2.8458773964854744
9,10,Nleu2 HBa,Nleu2 HDb*,2.4,0.4,[60],"[64, 62, 63]",4.0,2.9747846919793592,2.96577333822719,2.992536955714886,2.983775229834163,2.974020133502482,2.958683583607582
10,11,Nleu2 HBb,Nleu2 HDa*,2.4,0.4,[59],"[65, 66, 67]",4.0,3.4899893701636837,3.5170790650214503,3.457745815413852,3.4656638106890196,3.4836706222009823,3.529761622241524
11,12,Nleu2 HBb,Nleu2 HDb*,2.7,0.4,[59],"[64, 62, 63]",4.0,2.781726754493426,2.7808260236595093,2.780873773456929,2.786851411385028,2.780211103361952,2.7799133195624277
12,13,Nleu2 HG,Nleu2 HDa*,2.1,0.3,[61],"[65, 66, 67]",3.0,2.5797114195995983,2.58028784207245,2.5795248294121578,2.579785507047499,2.5784426556679483,2.5805198418661806
13,14,Nleu2 HG,Nleu2 HDb*,2.1,0.3,[61],"[64, 62, 63]",3.0,2.5753700149917114,2.5746121831245095,2.575315830841476,2.5743377360877506,2.5765065826545195,2.576082419820525
14,15,Phe3 HN,Phe3 HA,2.3,0.3,[45],[46],3.0,2.9118927475040675,2.9329744775178304,2.900793598442595,2.933370853795123,2.8652515775188094,2.9314739467675155
15,16,Phe3 HN,Phe3 HBa,2.9,0.4,[45],"[47, 48]",4.0,2.964632111663187,2.9684625881879767,2.921477795921847,2.970205882709434,3.002619215257841,2.964382758595959
16,17,Phe3 HN,Phe3 HBb,3.3,0.5,[45],"[47, 48]",4.0,2.964632111663187,2.9684625881879767,2.921477795921847,2.970205882709434,3.002619215257841,2.964382758595959
17,18,Phe3 HN,Phe3 HE*,4.3,0.6,[45],"[50, 53]",7.0,4.845198837460126,4.849528006483255,4.9079313597361125,4.8040849956982505,4.798449439654596,4.872147691278692
18,19,Phe3 HBb,Phe3 HE*,3.5,0.5,"[47, 48]","[50, 53]",5.0,4.997912205748466,4.9976705763355715,4.998782220880711,4.99710416046384,4.99800243932465,4.998002671329714
19,20,Tether4 HN,Tether4 HA,2.7,0.4,[54],[55],3.0,2.8744641090426626,2.8650964611771896,2.825434216846535,2.8871342932918114,2.8879289881705503,2.911965634931088
20,21,Tether4 HN,Tether4 HBa,3.2,0.5,[54],[33],4.0,3.0460533241688017,3.0383063437828692,3.071119280504393,3.021529814723575,3.0539974786588853,3.0468684296104542
21,22,Tether4 HN,Tether4 HGa,3.3,0.5,[54],"[34, 35]",5.0,2.7258257502742196,2.695119294112136,2.7709733712518636,2.723817117710227,2.7245203623343803,2.7185286310047667
22,23,Tether4 HN,Tether4 HDa,4.8,0.7,[54],"[36, 37]",6.0,4.2554691023346445,4.415891267098419,4.13426230267503,4.061828439317209,4.240601870549526,4.553518761843743
23,24,Tether4 HN,Tether4 HDb,4.4,0.7,[54],"[36, 37]",6.0,4.2554691023346445,4.415891267098419,4.13426230267503,4.061828439317209,4.240601870549526,4.553518761843743
24,25,Tether4 HN,Tether4 HE*,2.6,0.4,[54],"[56, 57, 58]",4.0,3.0340708896580444,3.0441514397579135,3.053107932307501,3.0436377174577682,3.01101102927783,3.019937760842395
25,26,Tether4 HA,Tether4 HDa,3.9,0.6,[55],"[36, 37]",5.0,4.3379737325833565,4.556631565662327,4.445417831453196,4.369392386179181,3.959295728278956,4.598700822166925
26,27,Tether4 HA,Tether4 HE*,2.1,0.3,[55],"[56, 57, 58]",3.0,2.5747267831568657,2.5749975337586513,2.5739558376530542,2.5753997123345536,2.5748474329180047,2.5744350579825115
27,28,Tether4 HBa,Tether4 HDa,3.6,0.5,[33],"[36, 37]",4.0,2.841371464902962,2.841272337912505,2.825183133171496,2.8575077992905533,2.8484733146406844,2.835173776410969
28,29,Tether4 HBa,Tether4 HE*,2.1,0.3,[33],"[56, 57, 58]",4.0,2.8894413509761847,2.904440203728641,2.869661833917514,2.9003243736613875,2.8830963783072665,2.8906282192899972
29,30,Tether4 HBb,Tether4 HE*,2.3,0.3,[32],"[56, 57, 58]",4.0,2.9443207568379255,2.940627080200855,2.9412739705657165,2.9463633993094303,2.95625766140546,2.9373398273273086
30,31,Tether4 HGa,Tether4 HDa,2.6,0.4,"[34, 35]","[36, 37]",3.0,2.576945558547497,2.575957479958944,2.580982939113174,2.573119152189478,2.5769437824908086,2.5777686977610905
32,33,Ala1 HN,Nleu2 HAa,5.0,0.7,[38],[43],6.0,5.168464956862011,5.149832514395921,5.178377370813424,5.178227514465474,5.164100610346295,5.172176804790371
33,34,Ala1 HN,Nleu2 HBa,5.8,0.9,[38],[60],6.0,5.219289860850078,5.136819113269912,5.220043585759502,5.242086951122396,5.208025725336381,5.2987304801784765
34,35,Ala1 HN,Nleu2 HG,5.1,0.8,[38],[61],7.0,5.1748017626383245,5.2472240632512746,5.171856719116821,5.128283399244403,5.156286077887934,5.175517424445058
35,36,Ala1 HN,Tether4 HDa,5.2,0.8,[38],"[36, 37]",4.0,2.7496576752508943,2.7536061037456734,2.728558982255814,2.7578427340579346,2.7706089631867172,2.7390467787895316
36,37,Ala1 HN,Tether4 HDb,5.1,0.8,[38],"[36, 37]",4.0,2.7496576752508943,2.7536061037456734,2.728558982255814,2.7578427340579346,2.7706089631867172,2.7390467787895316
37,38,Ala1 HN,Tether4 HA,5.2,0.8,[38],[55],7.0,5.0729409274211275,5.094997510033847,5.124920279227338,5.144065922610458,4.8802565127513615,5.159350140684131
38,39,Ala1 HN,Tether4 HBa,3.6,0.5,[38],[33],6.0,3.4029535710945327,3.4038380433325393,3.3857568043588944,3.380067732048069,3.460386953589612,3.3890233072090763
39,40,Ala1 HN,Tether4 HBb,2.4,0.4,[38],[32],6.0,2.20383758728876,2.2116732030425315,2.186311668992629,2.201490439084916,2.2326052450985294,2.1893215650984756
40,41,Ala1 HN,Tether4 HGa,3.3,0.5,[38],"[34, 35]",5.0,3.0009271837205294,2.9798211266553594,3.0373310387383476,2.9952843395291278,3.0041978139865115,2.9902129534495776
41,42,Ala1 HN,Tether4 HDa,3.8,0.6,[38],"[36, 37]",4.0,2.7496576752508943,2.7536061037456734,2.728558982255814,2.7578427340579346,2.7706089631867172,2.7390467787895316
42,43,Ala1 HN,Tether4 HDb,2.2,0.3,[38],"[36, 37]",4.0,2.7496576752508943,2.7536061037456734,2.728558982255814,2.7578427340579346,2.7706089631867172,2.7390467787895316
43,44,Ala1 HN,Tether4 HE*,4.8,0.7,[38],"[56, 57, 58]",8.0,5.118353441387525,5.131551838222936,5.088149137322214,5.091863066312438,5.201252348385836,5.085446362034856
44,45,Ala1 HA,Nleu2 HAa,4.2,0.6,[39],[43],5.0,4.634744227457383,4.647830823574709,4.624492816367609,4.64075190672746,4.619190533004032,4.641913401240109
45,46,Ala1 HA,Nleu2 HAb,4.5,0.7,[39],[44],5.0,4.390538648569987,4.525415577965013,4.193047200248333,4.528775613149575,4.246692018352168,4.560267639314645
46,47,Ala1 HA,Nleu2 HBa,2.0,0.3,[39],[60],5.0,2.61861963772454,2.5212552698966624,2.660499374953003,2.6390549317815952,2.6259899237899402,2.666075962361231
47,48,Ala1 HA,Nleu2 HBb,2.3,0.3,[39],[59],5.0,2.294506490950978,2.3334850900569,2.28528952638901,2.2875294946114266,2.2976235154026305,2.271846253333907
48,49,Ala1 HA,Nleu2 HG,2.5,0.4,[39],[61],6.0,2.5098976369175063,2.552668896842291,2.4990272134254434,2.4950184930417825,2.507020171377428,2.4988567691257604
49,50,Ala1 HA,Tether4 HDa,2.9,0.4,[39],"[36, 37]",5.0,3.7976089690608457,3.7665533490577277,3.9924978265225985,3.770296644332334,3.6031771929763345,3.9465300154253837
50,51,Ala1 HA,Tether4 HDb,3.1,0.5,[39],"[36, 37]",5.0,3.7976089690608457,3.7665533490577277,3.9924978265225985,3.770296644332334,3.6031771929763345,3.9465300154253837
51,52,Ala1 HA,Tether4 HN,4.8,0.7,[39],[54],9.0,5.081067173325403,5.073191773916639,5.1009684013632555,5.037467595017882,5.097530520677904,5.0982163073283875
52,53,Ala1 HA,Tether4 HDa,4.6,0.7,[39],"[36, 37]",5.0,3.7976089690608457,3.7665533490577277,3.9924978265225985,3.770296644332334,3.6031771929763345,3.9465300154253837
53,54,Ala1 HA,Tether4 HDb,4.6,0.8,[39],"[36, 37]",5.0,3.7976089690608457,3.7665533490577277,3.9924978265225985,3.770296644332334,3.6031771929763345,3.9465300154253837
54,55,Ala1 HB*,Nleu2 HAa,4.0,0.6,"[40, 41, 42]",[43],6.0,4.733558069568084,4.7221286377591065,4.765900180942146,4.7224588883240095,4.724330504165541,4.733983978434886
55,56,Ala1 HB*,Nleu2 HBa,3.3,0.5,"[40, 41, 42]",[60],6.0,3.4508987775019855,3.3318962657216016,3.5228761025972632,3.463770450197777,3.425147617511715,3.539944420723209
56,57,Ala1 HB*,Nleu2 HBb,2.8,0.4,"[40, 41, 42]",[59],6.0,4.084365911929427,4.029153637605514,4.108074765278589,4.097156566062027,4.075748956329323,4.115918174774174
57,58,Ala1 HB*,Nleu2 HG,2.8,0.4,"[40, 41, 42]",[61],7.0,3.1554459991323593,3.2123156382646645,3.1601294365817334,3.159221058294806,3.1513542855507577,3.1011197755407482
58,59,Ala1 HB*,Tether4 HN,4.6,0.7,"[40, 41, 42]",[54],10.0,5.69449910298035,5.718269528531117,5.686801177847128,5.652893534950646,5.754917006369675,5.6638467590723724
59,60,Nleu2 HAa,Phe3 HN,2.3,0.3,[43],[45],4.0,2.3877385665112327,2.385358917798141,2.3862451572511194,2.3900459234537696,2.405254156221769,2.3725912068287123
60,61,Nleu2 HAb,Phe3 HN,3.4,0.5,[44],[45],4.0,3.401954956574516,3.4210291649386964,3.3797301107180022,3.414923124970376,3.3945343662195975,3.4006739142835163
61,62,Nleu2 HAb,Phe3 HE*,4.1,0.6,[44],"[50, 53]",9.0,6.467820674170641,6.578267726393561,6.405780663756143,6.532560840210468,6.304678289115563,6.547204616802324
62,63,Nleu2 HBb,Phe3 HN,3.5,0.5,[59],[45],6.0,4.380330718856619,4.817120337265793,4.361448818778491,4.448970720205873,3.974348847563391,4.643084092795144
63,64,Nleu2 HG,Phe3 HN,3.4,0.5,[61],[45],7.0,4.725416395969656,4.5232125227155,4.51113480945643,5.189153197812109,4.682004176112834,4.955633591577249
64,65,Nleu2 HDa*,Phe3 HN,3.1,0.5,"[65, 66, 67]",[45],8.0,5.085465244188469,4.977845298659612,5.222472801696868,5.222636868919154,5.028739593202262,5.014112714359279
65,66,Nleu2 HDa*,Phe3 HA,4.2,0.6,"[65, 66, 67]",[46],9.0,6.040916639972911,5.752987741557559,6.2174651752921335,6.090090824798462,6.021423446117765,6.211469503965565
66,67,Nleu2 HDb*,Phe3 HN,3.9,0.6,"[64, 62, 63]",[45],8.0,5.5037047262761885,5.411528984414511,5.236803095212528,5.773329635047121,5.381934284191115,5.910921853214406
67,68,Nleu2 HDb*,Phe3 HA,4.5,0.7,"[64, 62, 63]",[46],9.0,6.287427856498451,6.432538887938982,6.379932278603109,6.247580111419852,5.976499059557732,6.502456304857429
68,69,Nleu2 HDb*,Phe3 HE*,4.4,0.7,"[64, 62, 63]","[50, 53]",13.0,7.669297527778113,8.16493193449547,7.750867340564098,8.026215364379139,6.664772813338552,9.416924688610859
69,70,Phe3 HN,Tether4 HN,2.6,0.4,[45],[54],5.0,2.271851264455968,2.2507767046706904,2.3140100866777855,2.2596057902276288,2.2720099865343686,2.2664431883069747
70,71,Phe3 HN,Tether4 HA,4.9,0.7,[45],[55],6.0,4.761954396706364,4.87252974476341,4.913785701723365,4.812206296067407,4.453914565096605,4.875952733906751
71,72,Phe3 HN,Tether4 HE*,4.8,0.8,[45],"[56, 57, 58]",7.0,4.918713478216102,4.913631587877743,4.931681782919055,4.9092258112724565,4.94326978356514,4.8967314793125025
72,73,Phe3 HA,Tether4 HN,2.9,0.4,[46],[54],4.0,3.274389748744258,3.252042924844768,3.195754849755116,3.309415787859474,3.2810171057849837,3.348118546034745
73,74,Phe3 HA,Tether4 HA,3.7,0.6,[46],[55],5.0,3.0158557748741606,3.0444533180464406,3.0516274312605978,3.1009424721323633,2.9463175351517097,2.956412685806364
74,75,Phe3 HA,Tether4 HGb,3.5,0.5,[46],"[34, 35]",7.0,3.9329791709728132,3.955742833124487,3.902848444143668,4.1539813299874275,3.905551459181103,3.8029125859629365
75,76,Phe3 HA,Tether4 HE*,4.3,0.6,[46],"[56, 57, 58]",6.0,5.123048502621135,5.187577872620192,5.034375232192369,5.1666509992765794,5.071602673642558,5.167887213929074
76,77,Phe3 HBa,Tether4 HN,3.8,0.6,"[47, 48]",[54],5.0,3.718100136381085,3.7241990647150236,3.6757750327726155,3.7549435566796947,3.7782241052489036,3.6662650444411335
77,78,Phe3 HBa,Tether4 HE*,3.9,0.6,"[47, 48]","[56, 57, 58]",7.0,4.939972320690426,4.939112926056844,4.881774795152441,4.93760705149458,5.0245498963663495,4.924319042108415
78,79,Phe3 HBb,Tether4 HN,4.6,0.7,"[47, 48]",[54],5.0,3.718100136381085,3.7241990647150236,3.6757750327726155,3.7549435566796947,3.7782241052489036,3.6662650444411335
79,80,Phe3 HBb,Tether4 HE*,5.0,0.8,"[47, 48]","[56, 57, 58]",7.0,4.939972320690426,4.939112926056844,4.881774795152441,4.93760705149458,5.0245498963663495,4.924319042108415
80,81,Phe3 HE*,Tether4 HE*,4.0,0.6,"[50, 53]","[56, 57, 58]",10.0,4.329014000806967,4.30361068521302,4.459585360689634,4.283292656610853,4.281638589352548,4.333845588646676
81,82,Ala1 HA,Phe3 HN,3.9,0.6,[39],[45],7.0,4.975150933130474,5.070568380839364,4.959137425163018,5.011259264987155,4.79413883215042,5.0807252898306565
82,83,Ala1 HB*,Phe3 HN,4.7,0.7,"[40, 41, 42]",[45],8.0,5.558784941494275,5.562192079065297,5.539395037556493,5.53519724697157,5.559737003632762,5.599003590724604
83,84,Ala1 HB*,Phe3 HE*,3.7,0.5,"[40, 41, 42]","[50, 53]",13.0,7.317218122083472,7.474194104516334,7.438662149735624,6.890720723689663,7.312701540956637,7.632937499144862
84,85,Nleu2 HAa,Tether4 HN,3.6,0.5,[43],[54],7.0,4.031490818087789,4.03838618134748,4.0105477872376065,4.025737667535384,4.065058334631282,4.0192678488048115
85,86,Nleu2 HAa,Tether4 HN,4.5,0.7,[43],[54],7.0,4.031490818087789,4.03838618134748,4.0105477872376065,4.025737667535384,4.065058334631282,4.0192678488048115
86,87,Nleu2 HBb,Tether4 HN,4.8,0.7,[59],[54],9.0,5.36971428387342,5.44850243217494,5.32511092083009,5.335794963244026,5.417203146847198,5.330404713113129
87,88,Nleu2 HDa*,Tether4 HN,4.8,0.7,"[65, 66, 67]",[54],11.0,5.411492670527229,5.1059437529808225,5.822552760107146,5.48236756143742,5.363544806495183,5.449852427679477
